Process name,User,PID,Status,Rules,Priority class,CPU groups,CPU affinity,CPU sets,CPU (%),CPU avg,Threads,ProBalance time,CPU time,I/O delta,I/O priority,Memory priority,Memory (commit size),Memory (private working set),Memory (private bytes),Memory (working set),Handles,Page faults per interval,Page Faults (PF),Creation time,Parent,Application name [claimed],Publisher [claimed],Description [claimed],Filename,Command line
System,SYSTEM,4,,X,Normal,0,0-11,,,0.11,386,,0:02:46.046,160 KB,,,64 KB,20 KB,64 KB,"4,532 KB",7218,,83,04-18-2024 11:52:12,,System,,System,,
Secure System,SYSTEM,140,Suspended,,Normal,0,0-11,,,,,,,,,,184 KB,"40,868 KB",184 KB,104 KB,,,,04-18-2024 11:52:04,,Secure System,,Secure System,,
Registry,SYSTEM,196,,,Normal,0,0-11,,,,4,,0:00:00.578,,,,"28,036 KB","13,780 KB","28,036 KB","28,236 KB",,,,04-18-2024 11:52:04,,Registry,,Registry,,
smss.exe,SYSTEM,808,,X,Normal,0,0-11,,,,2,,0:00:00.187,,,,408 KB,100 KB,408 KB,"1,136 KB",58,,140,04-18-2024 11:52:12,4:system,smss.exe,,smss,,
csrss.exe,SYSTEM,1136,,X,Normal,0,0-11,,,,14,,0:00:02.093,,,,"2,020 KB",580 KB,"2,020 KB","4,468 KB",693,,221,04-18-2024 11:52:22,,csrss.exe,,csrss,,
wininit.exe,SYSTEM,1252,,X,High,0,0-11,,,,3,,,,,,"1,540 KB",304 KB,"1,540 KB","6,136 KB",151,,276,04-18-2024 11:52:24,,wininit.exe,,wininit,,
csrss.exe,SYSTEM,1272,,X,Normal,0,0-11,,,0.01,18,,0:00:09.718,,,,"3,564 KB",856 KB,"3,564 KB","5,532 KB",883,,50,04-18-2024 11:52:24,,csrss.exe,,csrss,,
services.exe,SYSTEM,1328,,X,Normal,0,0-11,,,,10,,0:00:02.015,,,,"6,688 KB","4,652 KB","6,688 KB","15,336 KB",888,,542,04-18-2024 11:52:24,1252:wininit.exe,services.exe,,services,,
LsaIso.exe,SYSTEM,1336,,,Normal,0,0-11,,,,1,,0:00:00.015,,Normal,Normal,"1,184 KB",0 KB,"1,184 KB","3,140 KB",65,,31,04-18-2024 11:52:24,1252:wininit.exe,LsaIso.exe,,LsaIso,,
WUDFHost.exe,LOCAL SERVICE,2660,,X,Normal,0,0-11,,,,6,,0:00:00.015,,Normal,Normal,"1,928 KB",500 KB,"1,928 KB","7,608 KB",263,,81,04-18-2024 11:52:25,1328:services.exe,Microsoft® Windows® Operating System,Microsoft Corporation,Windows Driver Foundation - User-mode Driver Framework Host Process,C:\Windows\System32\WUDFHost.exe,
Memory Compression,SYSTEM,3256,,,Normal,0,0-11,,,0.01,90,,0:00:16.515,,,,"1,992 KB","539,460 KB","1,992 KB","539,460 KB",,,,04-18-2024 11:52:25,4:system,Memory Compression,,Memory Compression,,
WUDFHost.exe,LOCAL SERVICE,3544,,X,High,0,0-11,,,,5,,0:00:00.187,,Normal,Normal,"2,420 KB",404 KB,"2,420 KB","8,112 KB",379,,67,04-18-2024 11:52:25,1328:services.exe,Microsoft® Windows® Operating System,Microsoft Corporation,Windows Driver Foundation - User-mode Driver Framework Host Process,C:\Windows\System32\WUDFHost.exe,
svchost.exe [wscsvc],LOCAL SERVICE,12052,,,Normal,0,0-11,,,,9,,,,,,"2,920 KB","1,076 KB","2,920 KB","9,780 KB",216,,17,04-18-2024 11:55:18,1328:services.exe,svchost.exe,,svchost,,
SecurityHealthService.exe [SecurityHealthService],SYSTEM,4676,,,Normal,0,0-11,,,,9,,0:00:00.093,,,,"6,712 KB","4,532 KB","6,712 KB","19,332 KB",397,,280,04-18-2024 11:57:18,1328:services.exe,SecurityHealthService.exe,,SecurityHealthService,,
svchost.exe [AppXSvc],SYSTEM,16592,,,Normal,0,0-11,,,,27,,0:00:00.109,,,,"9,236 KB","7,404 KB","9,236 KB","16,340 KB",169,,,04-18-2024 15:08:30,1328:services.exe,svchost.exe,,svchost,,
svchost.exe [ClipSVC],SYSTEM,15312,,,Normal,0,0-11,,,0.04,5,,0:00:00.109,,,,"3,088 KB","2,660 KB","3,088 KB","8,520 KB",126,,,04-18-2024 15:18:58,1328:services.exe,svchost.exe,,svchost,,
wenativehost.exe,blusc,12812,,,Normal,0,0-11,,,,4,,0:00:00.406,,Normal,Normal,"56,172 KB",656 KB,"56,172 KB","13,544 KB",199,,205,04-18-2024 11:55:23,2100:cmd.exe,Free Download Manager,Softdeluxe,Free Download Manager,C:\Program Files\Softdeluxe\Free Download Manager\wenativehost.exe,"""C:/Program Files/Softdeluxe/Free Download Manager/wenativehost.exe""  chrome-extension://ahmpjcflkgiildlgicmcieglgoilbfdp/ --parent-window=0 "
HASS.Agent.Satellite.Service.exe [HASS.Agent Satellite Service],SYSTEM,6336,,,Normal,0,0-11,,,0.03,23,,0:00:41.187,,Normal,Normal,"64,684 KB","39,632 KB","64,684 KB","75,872 KB",608,,"1,336",04-18-2024 11:52:27,1328:services.exe,HASS.Agent Satellite Service,LAB02 Research,HASS.Agent.Satellite.Service,C:\Program Files (x86)\LAB02 Research\HASS.Agent Satellite Service\HASS.Agent.Satellite.Service.exe,"""C:\Program Files (x86)\LAB02 Research\HASS.Agent Satellite Service\HASS.Agent.Satellite.Service.exe"""
Adguard.BrowserExtensionHost.exe,blusc,1456,,,Normal,0,0-4,,,,6,,0:00:04.500,,Normal,Normal,"67,804 KB","13,384 KB","67,804 KB","54,728 KB",678,,5,04-18-2024 11:55:24,18728:cmd.exe,AdGuard for Windows,Adguard Software Limited,AdGuard for Windows,C:\Program Files\AdGuard\Adguard.BrowserExtensionHost.exe,"""C:\Program Files\AdGuard\Adguard.BrowserExtensionHost.exe""  chrome-extension://fbohpolgemkbfphodcfgnpjcmedcjhpn/ --parent-window=0 "
Adguard.exe,blusc,15696,,,Normal,0,0-11,,,0.01,15,,0:00:18.343,,Normal,Normal,"343,272 KB","60,472 KB","343,272 KB","76,340 KB",638,,"1,203",04-18-2024 11:52:57,11128:explorer.exe,AdGuard for Windows,Adguard Software Limited,AdGuard for Windows,C:\Program Files\AdGuard\Adguard.exe,"""C:\Program Files\AdGuard\Adguard.exe"" /nosplash"
AdguardSvc.exe [Adguard Service],SYSTEM,6200,,,Normal,0,0-11,,,0.02,45,,0:00:29.000,,Normal,Normal,"617,056 KB","422,564 KB","617,056 KB","447,020 KB",1209,,"3,374",04-18-2024 11:52:27,1328:services.exe,AdGuard for Windows,Adguard Software Limited,AdGuard for Windows,C:\Program Files\AdGuard\AdguardSvc.exe,"""C:\Program Files\AdGuard\AdguardSvc.exe"""
AutoHotkey.exe,blusc,8400,,,Real time,0,0-11,,,,3,,0:00:00.046,,Low,Low,"57,908 KB",28 KB,"57,908 KB","1,712 KB",206,,10,04-18-2024 11:52:28,3032:svchost.exe (netsvcs -p -s schedule),AutoHotkey,AutoHotkey Foundation LLC,AutoHotkey Unicode 64-bit,C:\Program Files\AutoHotkey\AutoHotkey.exe,"""C:\Program Files\AutoHotkey\AutoHotkey.exe"" ""C:\Program Files\AutoHotkey\scripts\block_shutdown.ahk"" /block /ask"
AutoHotkeyU64.exe,blusc,8364,,,Below normal,0,0-11,,,0.01,3,,0:00:09.640,,Low,Low,"56,276 KB",184 KB,"56,276 KB","2,916 KB",189,,49,04-18-2024 11:52:28,3032:svchost.exe (netsvcs -p -s schedule),AutoHotkey,AutoHotkey Foundation LLC,AutoHotkey Unicode 64-bit,C:\Program Files\AutoHotkey\AutoHotkeyU64.exe,"""C:\Program Files\AutoHotkey\AutoHotkeyU64.exe"" ""D:\OneDrive\AutoHotKey\Scripts\file_operation_notify.ahk"""
ProcessGovernor.exe,SYSTEM,6636,,X,High,0,0-11,,,0.02,9,,0:00:28.750,,Normal,Normal,"9,128 KB","5,736 KB","9,128 KB","13,020 KB",445,,67,04-18-2024 11:52:27,6308:srvstub.exe,Process Lasso,Bitsum LLC,Process Lasso Core Engine,C:\Program Files\Process Lasso\processgovernor.exe,"""C:\Program Files\Process Lasso\processgovernor.exe"""
ProcessLasso.exe,blusc,8692,,Xil,Above normal,0,0-11,,,0.01,25,,0:00:16.984,,Low,Normal,"75,800 KB","11,328 KB","75,800 KB","27,040 KB",745,,163,04-18-2024 11:52:28,3032:svchost.exe (netsvcs -p -s schedule),Process Lasso,Bitsum LLC,Process Lasso,C:\Program Files\Process Lasso\processlasso.exe,"""C:\Program Files\Process Lasso\processlasso.exe"""
srvstub.exe [ProcessGovernor],SYSTEM,6308,,,Normal,0,0-11,,,,2,,,,Normal,Normal,712 KB,248 KB,712 KB,"3,584 KB",77,,7,04-18-2024 11:52:27,1328:services.exe,Process Lasso,Bitsum LLC,Service helper module,C:\Program Files\Process Lasso\srvstub.exe,"""C:\Program Files\Process Lasso\srvstub.exe"" ""C:\Program Files\Process Lasso\processgovernor.exe"" ""ProcessGovernor"" /exitevent:Global\ProcessGovernorExitEvent"
RestartOnCrash.exe [32],blusc,10508,,,Below normal,0,0-11,,0.20,0.20,5,,0:04:53.234,,Low,Low,"64,732 KB","2,752 KB","64,732 KB","8,392 KB",585,,11,04-18-2024 11:53:20,3032:svchost.exe (netsvcs -p -s schedule),Restart On Crash,Janis Elsts,,C:\Program Files\RestartOnCrash\RestartOnCrash.exe,"""C:\Program Files\RestartOnCrash\RestartOnCrash.exe"""
helperservice.exe,SYSTEM,3712,,,Normal,0,0-11,,,,1,,,,Low,Low,"1,652 KB",332 KB,"1,652 KB","2,280 KB",203,,146,04-18-2024 11:52:25,3032:svchost.exe (netsvcs -p -s schedule),Free Download Manager,Softdeluxe,Free Download Manager,C:\Program Files\Softdeluxe\Free Download Manager\helperservice.exe,"""C:\Program Files\Softdeluxe\Free Download Manager\helperservice.exe"""
HidVanguard.Service.exe [HidVanguard],SYSTEM,6328,,,Normal,0,0-11,,,,10,,0:00:00.359,,Normal,Normal,"13,684 KB","1,180 KB","13,684 KB","19,304 KB",327,,547,04-18-2024 11:52:27,1328:services.exe,HidVanguard,STC,HidVanguard.Service,C:\Program Files\STC\HidVanguard\HidVanguard.Service.exe,"""C:\Program Files\STC\HidVanguard\HidVanguard.Service.exe"""
ProcessCombinator.exe [32],blusc,1528,,,Below normal,0,0-11,,,0.04,4,,0:00:54.250,,Low,Low,"13,504 KB","6,164 KB","13,504 KB","7,176 KB",217,,369,04-18-2024 11:52:59,,ProcessCombinator,ProcessCombinator,ProcessCombinator,C:\tools\ProcessCombinator\ProcessCombinator.exe,"""C:\tools\ProcessCombinator\ProcessCombinator.exe"" "
OpenRGB.exe,blusc,8124,,,Below normal,0,0-11,,,,33,,0:00:04.187,,Normal,Normal,"575,912 KB","2,576 KB","575,912 KB","49,364 KB",652,,790,04-18-2024 11:52:27,7592:nssm.exe,OpenRGB,,,C:\Users\blusc\AppData\Local\Programs\WingetUI\choco-cli\lib\openrgb\tools\OpenRGB Windows 64-bit\OpenRGB.exe,"""C:\Users\blusc\AppData\Local\Programs\WingetUI\choco-cli\lib\openrgb\tools\OpenRGB Windows 64-bit\OpenRGB.exe"" --startminimized --server --noautoconnect --profile ""backlight"" "
HASS.Agent.exe,blusc,840,,,Normal,0,0-11,,,0.06,56,,0:01:24.187,,Normal,Normal,"201,276 KB","81,848 KB","201,276 KB","176,404 KB",1719,,"2,086",04-18-2024 11:52:59,11128:explorer.exe,HASS.Agent,LAB02 Research,HASS.Agent,C:\Users\blusc\AppData\Roaming\LAB02 Research\HASS.Agent\HASS.Agent.exe,"""C:\Users\blusc\AppData\Roaming\LAB02 Research\HASS.Agent\HASS.Agent.exe"" "
FanControl.exe,blusc,15564,,,Above normal,0,0-11,,,0.01,21,,0:00:12.421,,Normal,Normal,"151,784 KB","17,400 KB","151,784 KB","47,272 KB",762,,"3,781",04-18-2024 11:52:43,3032:svchost.exe (netsvcs -p -s schedule),FanControl,Rémi Mercier,FanControl,C:\Users\blusc\scoop\apps\fancontrol\current\FanControl.exe,"""C:\Users\blusc\scoop\apps\fancontrol\current\FanControl.exe"" /MIN"
TrafficMonitor.exe,blusc,15704,,,Below normal,0,0-11,,,,4,,0:00:04.312,,Low,Low,"58,880 KB","1,684 KB","58,880 KB","5,988 KB",439,,1,04-18-2024 11:55:02,10508:restartoncrash.exe,TrafficMonitor,By ZhongYang,Traffic Monitor,C:\Users\blusc\scoop\apps\trafficmonitor\current\TrafficMonitor.exe,"""C:\Users\blusc\scoop\apps\trafficmonitor\current\TrafficMonitor.exe"" "
backgroundTaskHost.exe,blusc,4672,,,Normal,0,0-11,,,,38,,,,Normal,Normal,"9,764 KB","5,548 KB","9,764 KB","19,596 KB",768,,,04-18-2024 15:09:35,1488:svchost.exe (dcomlaunch -p),Microsoft® Windows® Operating System,Microsoft Corporation,Background Task Host,C:\Windows\system32\backgroundTaskHost.exe,"""C:\Windows\system32\backgroundTaskHost.exe"" -ServerName:App.AppXmtcan0h2tfbfy7k9kn8hbxb6dmzz1zh0.mca"
NVDisplay.Container.exe,SYSTEM,3752,,,Normal,0,0-11,,,,29,,0:00:02.671,,Normal,Normal,"41,892 KB","10,596 KB","41,892 KB","42,180 KB",636,,"1,626",04-18-2024 11:52:26,3064:nvdisplay.container.exe,NVIDIA Container,NVIDIA Corporation,NVIDIA Container,C:\Windows\System32\DriverStore\FileRepository\nvmdig.inf_amd64_59fe31408bdab70f\Display.NvContainer\NVDisplay.Container.exe,"""C:\Windows\System32\DriverStore\FileRepository\nvmdig.inf_amd64_59fe31408bdab70f\Display.NvContainer\NVDisplay.Container.exe"" -f %ProgramData%\NVIDIA\DisplaySessionContainer%d.log -d C:\Windows\System32\DriverStore\FileRepository\nvmdig.inf_amd64_59fe31408bdab70f\Display.NvContainer\plugins\Session -r -l 3 -p 30000 -cfg NVDisplay.ContainerLocalSystem\Session /ert -c"
RtkAudUService64.exe,blusc,17224,,,Normal,0,0-11,,,,11,,0:00:00.218,,Normal,Normal,"57,676 KB",868 KB,"57,676 KB","13,296 KB",417,,3,04-18-2024 11:52:52,11128:explorer.exe,Realtek HD Audio Universal Service,Realtek Semiconductor,Realtek HD Audio Universal Service,C:\Windows\System32\DriverStore\FileRepository\realtekservice.inf_amd64_1803724721d1a34c\RtkAudUService64.exe,"""C:\Windows\System32\DriverStore\FileRepository\realtekservice.inf_amd64_1803724721d1a34c\RtkAudUService64.exe"" -background"
"rundll32.exe (""C:\Program Files (x86)\Stardock\Fences\FencesMenu64.dll)",blusc,10488,,,Normal,0,0-11,,,,1,,0:00:00.015,,Low,Low,"1,664 KB",52 KB,"1,664 KB",328 KB,296,,2,04-18-2024 11:52:30,,Microsoft® Windows® Operating System,Microsoft Corporation,Windows host process (Rundll32),C:\Windows\system32\rundll32.exe,"""C:\Windows\system32\rundll32.exe"" ""C:\Program Files (x86)\Stardock\Fences\FencesMenu64.dll"",StartFences"
LockApp.exe,blusc,22504,Suspended,,Normal,0,0-11,,,,18,,0:00:00.187,,Normal,Normal,"43,616 KB",56 KB,"43,616 KB","48,824 KB",571,,116,04-18-2024 14:27:10,1488:svchost.exe (dcomlaunch -p),Microsoft® Windows® Operating System,Microsoft Corporation,LockApp.exe,C:\Windows\SystemApps\Microsoft.LockApp_cw5n1h2txyewy\LockApp.exe,"""C:\Windows\SystemApps\Microsoft.LockApp_cw5n1h2txyewy\LockApp.exe"" -ServerName:WindowsDefaultLockScreen.AppX7y4nbzq37zn4ks9k7amqjywdat7d3j2z.mca"
StartMenuExperienceHost.exe,blusc,19132,,,Normal,0,0-11,,,,21,,0:00:01.046,,Normal,Normal,"100,392 KB","10,048 KB","100,392 KB","86,636 KB",988,,2,04-18-2024 11:54:45,1488:svchost.exe (dcomlaunch -p),Microsoft® Windows® Operating System,Microsoft Corporation,Windows Start Experience Host,C:\Windows\SystemApps\Microsoft.Windows.StartMenuExperienceHost_cw5n1h2txyewy\StartMenuExperienceHost.exe,"""C:\Windows\SystemApps\Microsoft.Windows.StartMenuExperienceHost_cw5n1h2txyewy\StartMenuExperienceHost.exe"" -ServerName:App.AppXywbrabmsek0gm3tkwpr5kwzbs55tkqay.mca"
SearchHost.exe,blusc,11996,Suspended,,Normal,0,0-11,,,,61,,0:00:00.921,,Normal,Normal,"130,916 KB","3,204 KB","130,916 KB","95,492 KB",1415,,"1,275",04-18-2024 11:52:33,1488:svchost.exe (dcomlaunch -p),Microsoft® Windows® Operating System,Microsoft Corporation,,C:\Windows\SystemApps\MicrosoftWindows.Client.CBS_cw5n1h2txyewy\SearchHost.exe,"""C:\Windows\SystemApps\MicrosoftWindows.Client.CBS_cw5n1h2txyewy\SearchHost.exe"" -ServerName:CortanaUI.AppXstmwaab17q5s3y22tp6apqz7a45vwv65.mca"
TextInputHost.exe,blusc,7028,,,High,0,0-11,,,,56,,0:00:01.281,,Normal,Normal,"118,032 KB","7,772 KB","118,032 KB","95,476 KB",1813,,14,04-18-2024 11:54:43,1488:svchost.exe (dcomlaunch -p),Microsoft® Windows® Operating System,Microsoft Corporation,,C:\Windows\SystemApps\MicrosoftWindows.Client.CBS_cw5n1h2txyewy\TextInputHost.exe,"""C:\Windows\SystemApps\MicrosoftWindows.Client.CBS_cw5n1h2txyewy\TextInputHost.exe"" -ServerName:InputApp.AppXjd5de1g66v206tj52m9d0dtpppx4cgpn.mca"
ShellExperienceHost.exe,blusc,3240,Suspended,,Normal,0,0-11,,,,32,,0:00:00.312,,Normal,Normal,"60,976 KB",48 KB,"60,976 KB","67,796 KB",996,,609,04-18-2024 11:52:37,1488:svchost.exe (dcomlaunch -p),Microsoft® Windows® Operating System,Microsoft Corporation,Windows Shell Experience Host,C:\Windows\SystemApps\ShellExperienceHost_cw5n1h2txyewy\ShellExperienceHost.exe,"""C:\Windows\SystemApps\ShellExperienceHost_cw5n1h2txyewy\ShellExperienceHost.exe"" -ServerName:App.AppXtk181tbxbce2qsex02s8tw7hfxa9xb3t.mca"
UMonit.exe [32],blusc,8484,,,Below normal,0,0-11,,,,3,,0:00:00.015,,Low,Low,"55,336 KB",68 KB,"55,336 KB","2,236 KB",224,,179,04-18-2024 11:52:28,3032:svchost.exe (netsvcs -p -s schedule),Umonit Application,,Umonit MFC Application,C:\Windows\SysWOW64\UMonit.exe,"""C:\Windows\SysWOW64\UMonit.exe"""
ctfmon.exe,blusc,14228,,,High,0,0-11,,,,13,,0:00:00.703,,Normal,Normal,"58,816 KB","2,908 KB","58,816 KB","25,148 KB",539,,51,04-18-2024 11:52:36,4532:svchost.exe (localsystemnetworkrestricted -p -s textinputmanagementservice),Microsoft® Windows® Operating System,Microsoft Corporation,CTF Loader,C:\Windows\system32\ctfmon.exe,"""ctfmon.exe"""
dwm.exe,DWM-1,1840,,X,High,0,0-11,,0.07,0.07,41,,0:01:41.015,18 KB,Normal,Normal,"284,328 KB","76,408 KB","284,328 KB","137,072 KB",1421,,"2,230",04-18-2024 11:52:25,1716:winlogon.exe,Microsoft® Windows® Operating System,Microsoft Corporation,Desktop Window Manager,C:\Windows\system32\dwm.exe,"""dwm.exe"""
fontdrvhost.exe,UMFD-0,1516,,,Normal,0,0-11,,,,5,,0:00:00.156,,Normal,Normal,"6,844 KB",72 KB,"6,844 KB","7,344 KB",40,,168,04-18-2024 11:52:25,1252:wininit.exe,Microsoft® Windows® Operating System,Microsoft Corporation,Usermode Font Driver Host,C:\Windows\system32\fontdrvhost.exe,"""fontdrvhost.exe"""
fontdrvhost.exe,UMFD-1,1764,,,Normal,0,0-11,,,,5,,0:00:00.234,,Normal,Normal,"6,876 KB",888 KB,"6,876 KB","10,868 KB",40,,"1,491",04-18-2024 11:52:25,1716:winlogon.exe,Microsoft® Windows® Operating System,Microsoft Corporation,Usermode Font Driver Host,C:\Windows\system32\fontdrvhost.exe,"""fontdrvhost.exe"""
conhost.exe,blusc,11032,,,Normal,0,0-11,,,,3,,0:00:00.078,,Normal,Normal,"59,188 KB",356 KB,"59,188 KB","8,492 KB",158,,,04-18-2024 11:55:22,2100:cmd.exe,Microsoft® Windows® Operating System,Microsoft Corporation,Console Window Host,C:\Windows\system32\conhost.exe,\??\C:\Windows\system32\conhost.exe 0x4
conhost.exe,blusc,1596,,,Normal,0,0-4,,,,3,,0:00:00.093,,Normal,Normal,"59,176 KB",376 KB,"59,176 KB","8,508 KB",158,,,04-18-2024 11:55:24,18728:cmd.exe,Microsoft® Windows® Operating System,Microsoft Corporation,Console Window Host,C:\Windows\system32\conhost.exe,\??\C:\Windows\system32\conhost.exe 0x4
nssm.exe [OpenRGB Server],blusc,7592,,,Normal,0,0-11,,,,2,,0:00:00.015,,Normal,Normal,"2,080 KB",320 KB,"2,080 KB","5,824 KB",133,,14,04-18-2024 11:52:27,1328:services.exe,NSSM 64-bit,Iain Patterson,The non-sucking service manager,C:\Users\blusc\AppData\Local\Programs\WingetUI\choco-cli\lib\NSSM\tools\nssm.exe,C:\Users\blusc\AppData\Local\Programs\WingetUI\choco-cli\lib\NSSM\tools\nssm.exe
explorer.exe,blusc,11128,,X,Normal,0,0-11,,0.13,0.02,104,,0:00:27.328,,Normal,Normal,"238,340 KB","82,872 KB","238,340 KB","223,948 KB",3824,,"5,980",04-18-2024 11:52:31,,Microsoft® Windows® Operating System,Microsoft Corporation,Windows Explorer,C:\Windows\Explorer.EXE,C:\Windows\Explorer.EXE
audiodg.exe,LOCAL SERVICE,13468,,X,Normal,0,0-11,,,0.05,5,,0:01:14.000,,Normal,Normal,"16,864 KB","3,876 KB","16,864 KB","16,196 KB",261,,186,04-18-2024 11:52:36,4964:svchost.exe (localservicenetworkrestricted -p),Microsoft® Windows® Operating System,Microsoft Corporation,"Windows Audio Device Graph Isolation ",C:\Windows\system32\AUDIODG.EXE,C:\Windows\system32\AUDIODG.EXE 0x0000000000000888
cmd.exe,blusc,2100,,,Normal,0,0-11,,,,1,,0:00:00.015,,Normal,Normal,"1,928 KB",184 KB,"1,928 KB","3,580 KB",64,,,04-18-2024 11:55:22,22520:opera.exe,Microsoft® Windows® Operating System,Microsoft Corporation,Windows Command Processor,C:\Windows\System32\cmd.exe,"C:\Windows\System32\cmd.exe /d /s /c """"C:/Program Files/Softdeluxe/Free Download Manager/wenativehost.exe"" chrome-extension://ahmpjcflkgiildlgicmcieglgoilbfdp/ --parent-window=0"" < \\.\pipe\chrome.nativeMessaging.in.de72bff14cb38964 > \\.\pipe\chrome.nativeMessaging.out.de72bff14cb38964"
cmd.exe,blusc,18728,,,Normal,0,0-4,,,,1,,0:00:00.015,,Normal,Normal,"1,928 KB",176 KB,"1,928 KB","3,560 KB",64,,,04-18-2024 11:55:24,22520:opera.exe,Microsoft® Windows® Operating System,Microsoft Corporation,Windows Command Processor,C:\Windows\System32\cmd.exe,"C:\Windows\System32\cmd.exe /d /s /c """"C:\Program Files\AdGuard\Adguard.BrowserExtensionHost.exe"" chrome-extension://fbohpolgemkbfphodcfgnpjcmedcjhpn/ --parent-window=0"" < \\.\pipe\chrome.nativeMessaging.in.c8483f3e95a31014 > \\.\pipe\chrome.nativeMessaging.out.c8483f3e95a31014"
RstMwService.exe [RstMwService],SYSTEM,6424,,,Normal,0,0-11,,,,3,,0:00:00.031,,Normal,Normal,"1,524 KB",204 KB,"1,524 KB","6,800 KB",146,,78,04-18-2024 11:52:27,1328:services.exe,Intel(R) Rapid Storage Technology Management Service,Intel Corporation,Intel(R) Rapid Storage Technology Management Service,C:\Windows\System32\DriverStore\FileRepository\iaahcic.inf_amd64_3de4831720bb2934\RstMwService.exe,C:\Windows\System32\DriverStore\FileRepository\iaahcic.inf_amd64_3de4831720bb2934\RstMwService.exe
WMIRegistrationService.exe [32],SYSTEM,6384,,,Normal,0,0-11,,,,2,,0:00:00.125,,Normal,Normal,"2,260 KB",708 KB,"2,260 KB","13,752 KB",270,,659,04-18-2024 11:52:27,1328:services.exe,Intel(R) Management Engine WMI Provider Registration,Intel Corporation,Intel(R) Management Engine WMI Provider Registration,C:\Windows\System32\DriverStore\FileRepository\mewmiprov.inf_amd64_cad1db73e8c782a6\WMIRegistrationService.exe,C:\Windows\System32\DriverStore\FileRepository\mewmiprov.inf_amd64_cad1db73e8c782a6\WMIRegistrationService.exe
NVDisplay.Container.exe [NVDisplay.ContainerLocalSystem],SYSTEM,3064,,,Normal,0,0-11,,,,34,,0:00:01.671,,Normal,Normal,"13,740 KB","4,284 KB","13,740 KB","30,796 KB",453,,"3,038",04-18-2024 11:52:25,1328:services.exe,NVIDIA Container,NVIDIA Corporation,NVIDIA Container,C:\Windows\System32\DriverStore\FileRepository\nvmdig.inf_amd64_59fe31408bdab70f\Display.NvContainer\NVDisplay.Container.exe,C:\Windows\System32\DriverStore\FileRepository\nvmdig.inf_amd64_59fe31408bdab70f\Display.NvContainer\NVDisplay.Container.exe -s NVDisplay.ContainerLocalSystem -f C:\ProgramData\NVIDIA\NVDisplay.ContainerLocalSystem.log -l 3 -d C:\Windows\System32\DriverStore\FileRepository\nvmdig.inf_amd64_59fe31408bdab70f\Display.NvContainer\plugins\LocalSystem -r -p 30000 -cfg NVDisplay.ContainerLocalSystem\LocalSystem /ert
RtkAudUService64.exe [RtkAudioUniversalService],SYSTEM,6484,,,Normal,0,0-11,,,,9,,0:00:00.359,,Normal,Normal,"4,276 KB",712 KB,"4,276 KB","11,400 KB",401,,245,04-18-2024 11:52:27,1328:services.exe,Realtek HD Audio Universal Service,Realtek Semiconductor,Realtek HD Audio Universal Service,C:\Windows\System32\DriverStore\FileRepository\realtekservice.inf_amd64_1803724721d1a34c\RtkAudUService64.exe,C:\Windows\System32\DriverStore\FileRepository\realtekservice.inf_amd64_1803724721d1a34c\RtkAudUService64.exe
"lsass.exe [KeyIso,SamSs,VaultSvc]",SYSTEM,1360,,X,Normal,0,0-11,,,,14,,0:00:03.718,,Normal,Normal,"10,968 KB","5,620 KB","10,968 KB","25,868 KB",1703,,658,04-18-2024 11:52:24,1252:wininit.exe,Microsoft® Windows® Operating System,Microsoft Corporation,Local Security Authority Process,C:\Windows\system32\lsass.exe,C:\Windows\system32\lsass.exe
sshd.exe [sshd],SYSTEM,6268,,,Normal,0,0-11,,,,2,,0:00:00.031,,Normal,Normal,"1,976 KB",416 KB,"1,976 KB","6,512 KB",121,,93,04-18-2024 11:52:27,1328:services.exe,OpenSSH for Windows,,,C:\Windows\System32\OpenSSH\sshd.exe,C:\Windows\System32\OpenSSH\sshd.exe
rundll32.exe (shell32.dll),blusc,10632,,,Normal,0,0-11,,,,1,,0:00:00.031,,Normal,Normal,"2,016 KB",392 KB,"2,016 KB","10,016 KB",181,,13,04-18-2024 11:52:30,1488:svchost.exe (dcomlaunch -p),Microsoft® Windows® Operating System,Microsoft Corporation,Windows host process (Rundll32),C:\Windows\System32\rundll32.exe,"C:\Windows\System32\rundll32.exe shell32.dll,SHCreateLocalServerRunDll {9BA05972-F6A8-11CF-A442-00A0C90A8F39} -Embedding"
RuntimeBroker.exe,blusc,12136,,X,Normal,0,0-11,,,,5,,0:00:00.437,,Normal,Normal,"6,424 KB","1,176 KB","6,424 KB","21,812 KB",307,,78,04-18-2024 11:52:33,1488:svchost.exe (dcomlaunch -p),Microsoft® Windows® Operating System,Microsoft Corporation,Runtime Broker,C:\Windows\System32\RuntimeBroker.exe,C:\Windows\System32\RuntimeBroker.exe -Embedding
RuntimeBroker.exe,blusc,12184,,X,Normal,0,0-11,,,,13,,0:00:00.296,,Normal,Normal,"8,792 KB","2,256 KB","8,792 KB","30,792 KB",516,,189,04-18-2024 11:52:33,1488:svchost.exe (dcomlaunch -p),Microsoft® Windows® Operating System,Microsoft Corporation,Runtime Broker,C:\Windows\System32\RuntimeBroker.exe,C:\Windows\System32\RuntimeBroker.exe -Embedding
RuntimeBroker.exe,blusc,13796,,X,Normal,0,0-11,,,,16,,0:00:00.375,,Normal,Normal,"5,936 KB","1,916 KB","5,936 KB","26,468 KB",564,,26,04-18-2024 11:52:37,1488:svchost.exe (dcomlaunch -p),Microsoft® Windows® Operating System,Microsoft Corporation,Runtime Broker,C:\Windows\System32\RuntimeBroker.exe,C:\Windows\System32\RuntimeBroker.exe -Embedding
RuntimeBroker.exe,blusc,17120,,X,Normal,0,0-11,,,,51,,0:00:00.062,,Normal,Normal,"8,516 KB","4,836 KB","8,516 KB","19,980 KB",631,,,04-18-2024 14:26:31,1488:svchost.exe (dcomlaunch -p),Microsoft® Windows® Operating System,Microsoft Corporation,Runtime Broker,C:\Windows\System32\RuntimeBroker.exe,C:\Windows\System32\RuntimeBroker.exe -Embedding
RuntimeBroker.exe,blusc,9132,,X,Normal,0,0-11,,,,14,,0:00:00.250,,Normal,Normal,"6,400 KB","3,972 KB","6,400 KB","27,888 KB",443,,31,04-18-2024 14:27:11,1488:svchost.exe (dcomlaunch -p),Microsoft® Windows® Operating System,Microsoft Corporation,Runtime Broker,C:\Windows\System32\RuntimeBroker.exe,C:\Windows\System32\RuntimeBroker.exe -Embedding
svchost.exe (appmodel -p -s StateRepository) [StateRepository],SYSTEM,3856,,,Normal,0,0-11,,,,5,,0:00:01.828,,Normal,Normal,"8,776 KB","7,512 KB","8,776 KB","15,240 KB",289,,119,04-18-2024 11:52:25,1328:services.exe,Microsoft® Windows® Operating System,Microsoft Corporation,Host Process for Windows Services,C:\Windows\system32\svchost.exe,C:\Windows\system32\svchost.exe -k appmodel -p -s StateRepository
svchost.exe (CameraMonitor) [FrameServerMonitor],SYSTEM,3904,,,High,0,0-11,,,,4,,0:00:00.015,,Normal,Normal,"2,896 KB",784 KB,"2,896 KB","10,852 KB",321,,3,04-18-2024 11:53:09,1328:services.exe,Microsoft® Windows® Operating System,Microsoft Corporation,Host Process for Windows Services,C:\Windows\System32\svchost.exe,C:\Windows\System32\svchost.exe -k CameraMonitor
svchost.exe (ClipboardSvcGroup -p -s cbdhsvc) [cbdhsvc_a6f86],blusc,10024,,,Normal,0,0-11,,,,8,,0:00:00.500,,Normal,Normal,"61,664 KB","1,772 KB","61,664 KB","30,188 KB",494,,130,04-18-2024 11:52:31,1328:services.exe,Microsoft® Windows® Operating System,Microsoft Corporation,Host Process for Windows Services,C:\Windows\system32\svchost.exe,C:\Windows\system32\svchost.exe -k ClipboardSvcGroup -p -s cbdhsvc
"svchost.exe (DcomLaunch -p) [BrokerInfrastructure,DcomLaunch,PlugPlay,Power,SystemEventsBroker]",SYSTEM,1488,,,Normal,0,0-11,(0/0-11),,,26,,0:00:01.578,,Normal,Normal,"10,868 KB","7,364 KB","10,868 KB","27,628 KB",1148,,478,04-18-2024 11:52:24,1328:services.exe,Microsoft® Windows® Operating System,Microsoft Corporation,Host Process for Windows Services,C:\Windows\system32\svchost.exe,C:\Windows\system32\svchost.exe -k DcomLaunch -p
svchost.exe (DcomLaunch -p -s DeviceInstall) [DeviceInstall],SYSTEM,9688,,,Normal,0,0-11,,,,1,,,,Normal,Normal,952 KB,304 KB,952 KB,"4,176 KB",94,,3,04-18-2024 11:52:28,1328:services.exe,Microsoft® Windows® Operating System,Microsoft Corporation,Host Process for Windows Services,C:\Windows\system32\svchost.exe,C:\Windows\system32\svchost.exe -k DcomLaunch -p -s DeviceInstall
svchost.exe (DcomLaunch -p -s LSM) [LSM],SYSTEM,1648,,,Normal,0,0-11,,,,8,,0:00:01.406,,Normal,Normal,"3,036 KB","1,740 KB","3,036 KB","8,620 KB",341,,61,04-18-2024 11:52:25,1328:services.exe,Microsoft® Windows® Operating System,Microsoft Corporation,Host Process for Windows Services,C:\Windows\system32\svchost.exe,C:\Windows\system32\svchost.exe -k DcomLaunch -p -s LSM
svchost.exe (DevicesFlow -s DevicesFlowUserSvc),blusc,21684,,,Normal,0,0-11,,,,3,,0:00:00.015,,Normal,Normal,"1,712 KB",444 KB,"1,712 KB","9,148 KB",148,,23,04-18-2024 11:57:36,1328:services.exe,Microsoft® Windows® Operating System,Microsoft Corporation,Host Process for Windows Services,C:\Windows\system32\svchost.exe,C:\Windows\system32\svchost.exe -k DevicesFlow -s DevicesFlowUserSvc
svchost.exe (imgsvc) [StiSvc],LOCAL SERVICE,6300,,,Normal,0,0-11,,,,4,,0:00:00.296,,Normal,Normal,"3,208 KB","1,048 KB","3,208 KB","11,060 KB",306,,81,04-18-2024 11:52:27,1328:services.exe,Microsoft® Windows® Operating System,Microsoft Corporation,Host Process for Windows Services,C:\Windows\system32\svchost.exe,C:\Windows\system32\svchost.exe -k imgsvc
svchost.exe (LocalService -p -s BthAvctpSvc) [BthAvctpSvc],LOCAL SERVICE,2024,,,Normal,0,0-11,,,,11,,0:00:00.390,,Normal,Normal,"3,440 KB","1,640 KB","3,440 KB","12,736 KB",306,,173,04-18-2024 11:52:25,1328:services.exe,Microsoft® Windows® Operating System,Microsoft Corporation,Host Process for Windows Services,C:\Windows\system32\svchost.exe,C:\Windows\system32\svchost.exe -k LocalService -p -s BthAvctpSvc
svchost.exe (LocalService -p -s bthserv) [bthserv],LOCAL SERVICE,2016,,,Normal,0,0-11,,,0.02,20,,0:00:12.921,,Normal,Normal,"6,236 KB","3,940 KB","6,236 KB","15,456 KB",433,,224,04-18-2024 11:52:25,1328:services.exe,Microsoft® Windows® Operating System,Microsoft Corporation,Host Process for Windows Services,C:\Windows\system32\svchost.exe,C:\Windows\system32\svchost.exe -k LocalService -p -s bthserv
svchost.exe (LocalService -p -s CDPSvc) [CDPSvc],LOCAL SERVICE,6212,,,Normal,0,0-11,,,,8,,0:00:00.328,,Normal,Normal,"4,120 KB","1,220 KB","4,120 KB","13,200 KB",315,,184,04-18-2024 11:52:27,1328:services.exe,Microsoft® Windows® Operating System,Microsoft Corporation,Host Process for Windows Services,C:\Windows\system32\svchost.exe,C:\Windows\system32\svchost.exe -k LocalService -p -s CDPSvc
svchost.exe (LocalService -p -s DispBrokerDesktopSvc) [DispBrokerDesktopSvc],LOCAL SERVICE,3364,,,Normal,0,0-11,,,,1,,0:00:00.015,,Normal,Normal,"1,272 KB",452 KB,"1,272 KB","6,068 KB",122,,22,04-18-2024 11:52:25,1328:services.exe,Microsoft® Windows® Operating System,Microsoft Corporation,Host Process for Windows Services,C:\Windows\system32\svchost.exe,C:\Windows\system32\svchost.exe -k LocalService -p -s DispBrokerDesktopSvc
svchost.exe (LocalService -p -s EventSystem) [EventSystem],LOCAL SERVICE,3120,,,Normal,0,0-11,,,,9,,0:00:00.015,,Normal,Normal,"2,164 KB","1,088 KB","2,164 KB","7,612 KB",184,,22,04-18-2024 11:52:25,1328:services.exe,Microsoft® Windows® Operating System,Microsoft Corporation,Host Process for Windows Services,C:\Windows\system32\svchost.exe,C:\Windows\system32\svchost.exe -k LocalService -p -s EventSystem
svchost.exe (LocalService -p -s fdPHost) [fdPHost],LOCAL SERVICE,13776,,,Normal,0,0-11,,,,1,,,,Normal,Normal,"1,504 KB",492 KB,"1,504 KB","6,620 KB",134,,11,04-18-2024 11:52:35,1328:services.exe,Microsoft® Windows® Operating System,Microsoft Corporation,Host Process for Windows Services,C:\Windows\system32\svchost.exe,C:\Windows\system32\svchost.exe -k LocalService -p -s fdPHost
svchost.exe (LocalService -p -s FontCache) [FontCache],LOCAL SERVICE,3396,,,Normal,0,0-11,,,,8,,0:00:00.343,,Normal,Normal,"1,896 KB",712 KB,"1,896 KB","7,692 KB",187,,144,04-18-2024 11:52:25,1328:services.exe,Microsoft® Windows® Operating System,Microsoft Corporation,Host Process for Windows Services,C:\Windows\system32\svchost.exe,C:\Windows\system32\svchost.exe -k LocalService -p -s FontCache
svchost.exe (LocalService -p -s LicenseManager) [LicenseManager],LOCAL SERVICE,13060,,,Normal,0,0-11,,,,5,,0:00:00.015,,Normal,Normal,"2,124 KB",780 KB,"2,124 KB","8,692 KB",181,,50,04-18-2024 11:52:34,1328:services.exe,Microsoft® Windows® Operating System,Microsoft Corporation,Host Process for Windows Services,C:\Windows\System32\svchost.exe,C:\Windows\System32\svchost.exe -k LocalService -p -s LicenseManager
svchost.exe (LocalService -p -s NPSMSvc) [NPSMSvc_a6f86],blusc,18236,,,Normal,0,0-11,,,,23,,0:00:00.406,,Normal,Normal,"58,324 KB","2,724 KB","58,324 KB","19,752 KB",421,,19,04-18-2024 11:53:12,1328:services.exe,Microsoft® Windows® Operating System,Microsoft Corporation,Host Process for Windows Services,C:\Windows\system32\svchost.exe,C:\Windows\system32\svchost.exe -k LocalService -p -s NPSMSvc
svchost.exe (LocalService -p -s nsi) [nsi],LOCAL SERVICE,1388,,,Normal,0,0-11,,,,4,,0:00:00.359,,Normal,Normal,"5,192 KB","2,688 KB","5,192 KB","7,348 KB",160,,,04-18-2024 11:52:25,1328:services.exe,Microsoft® Windows® Operating System,Microsoft Corporation,Host Process for Windows Services,C:\Windows\system32\svchost.exe,C:\Windows\system32\svchost.exe -k LocalService -p -s nsi
svchost.exe (LocalService -p -s PhoneSvc) [PhoneSvc],LOCAL SERVICE,2944,,,Normal,0,0-11,,,,3,,,,Normal,Normal,"2,068 KB",636 KB,"2,068 KB","8,832 KB",220,,64,04-18-2024 11:52:25,1328:services.exe,Microsoft® Windows® Operating System,Microsoft Corporation,Host Process for Windows Services,C:\Windows\system32\svchost.exe,C:\Windows\system32\svchost.exe -k LocalService -p -s PhoneSvc
svchost.exe (LocalService -p -s SstpSvc) [SstpSvc],LOCAL SERVICE,6252,,,Normal,0,0-11,,,,1,,0:00:00.015,,Normal,Normal,"1,616 KB",444 KB,"1,616 KB","6,304 KB",157,,15,04-18-2024 11:52:27,1328:services.exe,Microsoft® Windows® Operating System,Microsoft Corporation,Host Process for Windows Services,C:\Windows\system32\svchost.exe,C:\Windows\system32\svchost.exe -k LocalService -p -s SstpSvc
svchost.exe (LocalService -p -s WdiServiceHost) [WdiServiceHost],LOCAL SERVICE,7736,,,Normal,0,0-11,,,,6,,0:00:00.031,,Normal,Normal,"1,424 KB",584 KB,"1,424 KB","5,352 KB",109,,,04-18-2024 11:52:27,1328:services.exe,Microsoft® Windows® Operating System,Microsoft Corporation,Host Process for Windows Services,C:\Windows\System32\svchost.exe,C:\Windows\System32\svchost.exe -k LocalService -p -s WdiServiceHost
svchost.exe (LocalService -p -s WebClient) [WebClient],LOCAL SERVICE,15260,,,Normal,0,0-11,,,,7,,0:00:00.031,,Normal,Normal,"2,908 KB",716 KB,"2,908 KB","10,720 KB",272,,9,04-18-2024 11:52:47,1328:services.exe,Microsoft® Windows® Operating System,Microsoft Corporation,Host Process for Windows Services,C:\Windows\system32\svchost.exe,C:\Windows\system32\svchost.exe -k LocalService -p -s WebClient
svchost.exe (LocalServiceAndNoImpersonation -p -s FDResPub) [FDResPub],LOCAL SERVICE,13848,,,Normal,0,0-11,,,,4,,0:00:00.281,,Normal,Normal,"2,800 KB","1,152 KB","2,800 KB","8,864 KB",267,,,04-18-2024 11:52:35,1328:services.exe,Microsoft® Windows® Operating System,Microsoft Corporation,Host Process for Windows Services,C:\Windows\system32\svchost.exe,C:\Windows\system32\svchost.exe -k LocalServiceAndNoImpersonation -p -s FDResPub
svchost.exe (LocalServiceAndNoImpersonation -p -s SSDPSRV) [SSDPSRV],LOCAL SERVICE,8112,,,Normal,0,0-11,,,,9,,0:00:00.171,,Normal,Normal,"2,340 KB",764 KB,"2,340 KB","6,892 KB",262,,12,04-18-2024 11:52:27,1328:services.exe,Microsoft® Windows® Operating System,Microsoft Corporation,Host Process for Windows Services,C:\Windows\system32\svchost.exe,C:\Windows\system32\svchost.exe -k LocalServiceAndNoImpersonation -p -s SSDPSRV
svchost.exe (LocalServiceNetworkRestricted -p) [Audiosrv],LOCAL SERVICE,4964,,,Normal,0,0-11,,,0.02,12,,0:00:25.078,,Normal,Normal,"5,420 KB","2,932 KB","5,420 KB","15,180 KB",649,,178,04-18-2024 11:52:27,1328:services.exe,Microsoft® Windows® Operating System,Microsoft Corporation,Host Process for Windows Services,C:\Windows\System32\svchost.exe,C:\Windows\System32\svchost.exe -k LocalServiceNetworkRestricted -p
svchost.exe (LocalServiceNetworkRestricted -p) [DusmSvc],LOCAL SERVICE,5068,,,Normal,0,0-11,,,,5,,0:00:00.046,,Normal,Normal,"1,812 KB",816 KB,"1,812 KB","6,448 KB",170,,22,04-18-2024 11:52:27,1328:services.exe,Microsoft® Windows® Operating System,Microsoft Corporation,Host Process for Windows Services,C:\Windows\System32\svchost.exe,C:\Windows\System32\svchost.exe -k LocalServiceNetworkRestricted -p
svchost.exe (LocalServiceNetworkRestricted -p) [Wcmsvc],LOCAL SERVICE,5080,,,Normal,0,0-11,,,,5,,0:00:00.187,,Normal,Normal,"2,884 KB","1,268 KB","2,884 KB","9,684 KB",474,,73,04-18-2024 11:52:27,1328:services.exe,Microsoft® Windows® Operating System,Microsoft Corporation,Host Process for Windows Services,C:\Windows\system32\svchost.exe,C:\Windows\system32\svchost.exe -k LocalServiceNetworkRestricted -p
svchost.exe (LocalServiceNetworkRestricted -p -s Dhcp) [Dhcp],LOCAL SERVICE,3680,,,Normal,0,0-11,,,,6,,0:00:00.640,,Normal,Normal,"2,508 KB",944 KB,"2,508 KB","7,324 KB",247,,26,04-18-2024 11:52:25,1328:services.exe,Microsoft® Windows® Operating System,Microsoft Corporation,Host Process for Windows Services,C:\Windows\system32\svchost.exe,C:\Windows\system32\svchost.exe -k LocalServiceNetworkRestricted -p -s Dhcp
svchost.exe (LocalServiceNetworkRestricted -p -s lmhosts) [lmhosts],LOCAL SERVICE,2008,,,Normal,0,0-11,,,,3,,,,Normal,Normal,"1,200 KB",380 KB,"1,200 KB","4,796 KB",121,,,04-18-2024 11:52:25,1328:services.exe,Microsoft® Windows® Operating System,Microsoft Corporation,Host Process for Windows Services,C:\Windows\System32\svchost.exe,C:\Windows\System32\svchost.exe -k LocalServiceNetworkRestricted -p -s lmhosts
svchost.exe (LocalServiceNetworkRestricted -p -s NgcCtnrSvc) [NgcCtnrSvc],LOCAL SERVICE,24136,,,Normal,0,0-11,,,,6,,0:00:00.015,,Normal,Normal,"2,600 KB","1,868 KB","2,600 KB","11,936 KB",220,,2,04-18-2024 14:27:11,1328:services.exe,Microsoft® Windows® Operating System,Microsoft Corporation,Host Process for Windows Services,C:\Windows\system32\svchost.exe,C:\Windows\system32\svchost.exe -k LocalServiceNetworkRestricted -p -s NgcCtnrSvc
svchost.exe (LocalServiceNetworkRestricted -p -s TimeBrokerSvc) [TimeBrokerSvc],LOCAL SERVICE,1504,,,Normal,0,0-11,,,,6,,0:00:00.046,,Normal,Normal,"2,484 KB","1,364 KB","2,484 KB","9,520 KB",249,,9,04-18-2024 11:52:25,1328:services.exe,Microsoft® Windows® Operating System,Microsoft Corporation,Host Process for Windows Services,C:\Windows\system32\svchost.exe,C:\Windows\system32\svchost.exe -k LocalServiceNetworkRestricted -p -s TimeBrokerSvc
svchost.exe (LocalServiceNetworkRestricted -p -s WinHttpAutoProxySvc) [WinHttpAutoProxySvc],LOCAL SERVICE,3772,,,Normal,0,0-11,,,,3,,0:00:00.328,,Normal,Normal,"2,484 KB","1,252 KB","2,484 KB","8,348 KB",199,,21,04-18-2024 11:52:25,1328:services.exe,Microsoft® Windows® Operating System,Microsoft Corporation,Host Process for Windows Services,C:\Windows\system32\svchost.exe,C:\Windows\system32\svchost.exe -k LocalServiceNetworkRestricted -p -s WinHttpAutoProxySvc
svchost.exe (LocalServiceNetworkRestricted -s BTAGService) [BTAGService],LOCAL SERVICE,2000,,,Normal,0,0-11,,,,2,,0:00:00.062,,Normal,Normal,"1,960 KB",656 KB,"1,960 KB","7,844 KB",280,,82,04-18-2024 11:52:25,1328:services.exe,Microsoft® Windows® Operating System,Microsoft Corporation,Host Process for Windows Services,C:\Windows\system32\svchost.exe,C:\Windows\system32\svchost.exe -k LocalServiceNetworkRestricted -s BTAGService
svchost.exe (LocalServiceNetworkRestricted -s RmSvc) [RmSvc],LOCAL SERVICE,4556,,,Normal,0,0-11,,,,9,,0:00:00.187,,Normal,Normal,"2,636 KB","1,140 KB","2,636 KB","8,248 KB",271,,38,04-18-2024 11:52:26,1328:services.exe,Microsoft® Windows® Operating System,Microsoft Corporation,Host Process for Windows Services,C:\Windows\System32\svchost.exe,C:\Windows\System32\svchost.exe -k LocalServiceNetworkRestricted -s RmSvc
svchost.exe (LocalServiceNoNetwork -p) [CoreMessagingRegistrar],LOCAL SERVICE,2788,,,Normal,0,0-11,,,,2,,0:00:00.031,,Normal,Normal,"1,628 KB",880 KB,"1,628 KB","5,776 KB",189,,4,04-18-2024 11:52:25,1328:services.exe,Microsoft® Windows® Operating System,Microsoft Corporation,Host Process for Windows Services,C:\Windows\system32\svchost.exe,C:\Windows\system32\svchost.exe -k LocalServiceNoNetwork -p
svchost.exe (LocalServiceNoNetwork -p -s DPS) [DPS],LOCAL SERVICE,6460,,,Normal,0,0-11,,,,18,,0:00:03.921,,Normal,Normal,"39,240 KB","29,456 KB","39,240 KB","40,000 KB",385,,483,04-18-2024 11:52:27,1328:services.exe,Microsoft® Windows® Operating System,Microsoft Corporation,Host Process for Windows Services,C:\Windows\System32\svchost.exe,C:\Windows\System32\svchost.exe -k LocalServiceNoNetwork -p -s DPS
"svchost.exe (LocalServiceNoNetworkFirewall -p) [BFE,mpssvc]",LOCAL SERVICE,4956,,,Normal,0,0-11,,,,14,,0:00:01.546,,Normal,Normal,"24,728 KB","5,124 KB","24,728 KB","17,268 KB",443,,130,04-18-2024 11:52:27,1328:services.exe,Microsoft® Windows® Operating System,Microsoft Corporation,Host Process for Windows Services,C:\Windows\system32\svchost.exe,C:\Windows\system32\svchost.exe -k LocalServiceNoNetworkFirewall -p
svchost.exe (LocalSystemNetworkRestricted -p) [WlanSvc],SYSTEM,4912,,,Normal,0,0-11,,,,18,,0:00:00.437,,Normal,Normal,"6,788 KB","2,668 KB","6,788 KB","18,024 KB",513,,293,04-18-2024 11:52:27,1328:services.exe,Microsoft® Windows® Operating System,Microsoft Corporation,Host Process for Windows Services,C:\Windows\system32\svchost.exe,C:\Windows\system32\svchost.exe -k LocalSystemNetworkRestricted -p
svchost.exe (LocalSystemNetworkRestricted -p -s AudioEndpointBuilder) [AudioEndpointBuilder],SYSTEM,3388,,,Normal,0,0-11,,,,2,,0:00:01.234,,Normal,Normal,"2,776 KB","1,092 KB","2,776 KB","8,748 KB",372,,68,04-18-2024 11:52:25,1328:services.exe,Microsoft® Windows® Operating System,Microsoft Corporation,Host Process for Windows Services,C:\Windows\System32\svchost.exe,C:\Windows\System32\svchost.exe -k LocalSystemNetworkRestricted -p -s AudioEndpointBuilder
svchost.exe (LocalSystemNetworkRestricted -p -s DeviceAssociationService) [DeviceAssociationService],SYSTEM,2780,,,Normal,0,0-11,,,0.03,20,,0:00:43.859,,Normal,Normal,"6,468 KB","4,504 KB","6,468 KB","12,736 KB",544,,41,04-18-2024 11:52:25,1328:services.exe,Microsoft® Windows® Operating System,Microsoft Corporation,Host Process for Windows Services,C:\Windows\system32\svchost.exe,C:\Windows\system32\svchost.exe -k LocalSystemNetworkRestricted -p -s DeviceAssociationService
svchost.exe (LocalSystemNetworkRestricted -p -s DisplayEnhancementService) [DisplayEnhancementService],SYSTEM,11440,,,Normal,0,0-11,,,,24,,0:00:00.046,,Normal,Normal,"4,152 KB","1,548 KB","4,152 KB","9,724 KB",885,,66,04-18-2024 11:52:32,1328:services.exe,Microsoft® Windows® Operating System,Microsoft Corporation,Host Process for Windows Services,C:\Windows\system32\svchost.exe,C:\Windows\system32\svchost.exe -k LocalSystemNetworkRestricted -p -s DisplayEnhancementService
svchost.exe (LocalSystemNetworkRestricted -p -s hidserv) [hidserv],SYSTEM,2184,,,Normal,0,0-11,,,,10,,,,Normal,Normal,"1,676 KB",380 KB,"1,676 KB","5,592 KB",156,,1,04-18-2024 11:52:25,1328:services.exe,Microsoft® Windows® Operating System,Microsoft Corporation,Host Process for Windows Services,C:\Windows\system32\svchost.exe,C:\Windows\system32\svchost.exe -k LocalSystemNetworkRestricted -p -s hidserv
svchost.exe (LocalSystemNetworkRestricted -p -s HvHost) [HvHost],SYSTEM,1928,,,Normal,0,0-11,,,,2,,,,Normal,Normal,"1,160 KB",400 KB,"1,160 KB","5,100 KB",108,,,04-18-2024 11:52:25,1328:services.exe,Microsoft® Windows® Operating System,Microsoft Corporation,Host Process for Windows Services,C:\Windows\system32\svchost.exe,C:\Windows\system32\svchost.exe -k LocalSystemNetworkRestricted -p -s HvHost
svchost.exe (LocalSystemNetworkRestricted -p -s NcbService) [NcbService],SYSTEM,1384,,,Normal,0,0-11,,,,5,,0:00:00.328,,Normal,Normal,"3,168 KB","1,072 KB","3,168 KB","9,960 KB",256,,26,04-18-2024 11:52:25,1328:services.exe,Microsoft® Windows® Operating System,Microsoft Corporation,Host Process for Windows Services,C:\Windows\System32\svchost.exe,C:\Windows\System32\svchost.exe -k LocalSystemNetworkRestricted -p -s NcbService
svchost.exe (LocalSystemNetworkRestricted -p -s NgcSvc) [NgcSvc],SYSTEM,24316,,,Normal,0,0-11,,,,6,,,,Normal,Normal,"2,112 KB","1,108 KB","2,112 KB","9,536 KB",166,,,04-18-2024 14:27:11,1328:services.exe,Microsoft® Windows® Operating System,Microsoft Corporation,Host Process for Windows Services,C:\Windows\system32\svchost.exe,C:\Windows\system32\svchost.exe -k LocalSystemNetworkRestricted -p -s NgcSvc
svchost.exe (LocalSystemNetworkRestricted -p -s PcaSvc) [PcaSvc],SYSTEM,23444,,,Normal,0,0-11,,,,15,,0:00:01.812,,Normal,Normal,"7,876 KB","3,376 KB","7,876 KB","14,316 KB",337,,216,04-18-2024 11:54:58,1328:services.exe,Microsoft® Windows® Operating System,Microsoft Corporation,Host Process for Windows Services,C:\Windows\system32\svchost.exe,C:\Windows\system32\svchost.exe -k LocalSystemNetworkRestricted -p -s PcaSvc
svchost.exe (LocalSystemNetworkRestricted -p -s StorSvc) [StorSvc],SYSTEM,6008,,,Normal,0,0-11,,,,7,,0:00:00.218,,Normal,Normal,"3,400 KB","1,536 KB","3,400 KB","13,916 KB",250,,135,04-18-2024 11:52:27,1328:services.exe,Microsoft® Windows® Operating System,Microsoft Corporation,Host Process for Windows Services,C:\Windows\System32\svchost.exe,C:\Windows\System32\svchost.exe -k LocalSystemNetworkRestricted -p -s StorSvc
svchost.exe (LocalSystemNetworkRestricted -p -s SysMain) [SysMain],SYSTEM,3104,,,Normal,0,0-11,,,0.01,6,,0:00:10.250,,Normal,Normal,"2,492 KB","1,000 KB","2,492 KB","11,380 KB",241,,697,04-18-2024 11:52:25,1328:services.exe,Microsoft® Windows® Operating System,Microsoft Corporation,Host Process for Windows Services,C:\Windows\system32\svchost.exe,C:\Windows\system32\svchost.exe -k LocalSystemNetworkRestricted -p -s SysMain
svchost.exe (LocalSystemNetworkRestricted -p -s TextInputManagementService) [TextInputManagementService],SYSTEM,4532,,,Normal,0,0-11,,,,6,,0:00:00.015,,Normal,Normal,"1,576 KB",540 KB,"1,576 KB","6,908 KB",169,,15,04-18-2024 11:52:26,1328:services.exe,Microsoft® Windows® Operating System,Microsoft Corporation,Host Process for Windows Services,C:\Windows\System32\svchost.exe,C:\Windows\System32\svchost.exe -k LocalSystemNetworkRestricted -p -s TextInputManagementService
svchost.exe (LocalSystemNetworkRestricted -p -s TrkWks) [TrkWks],SYSTEM,6284,,,Normal,0,0-11,,,,3,,0:00:00.031,,Normal,Normal,"1,248 KB",228 KB,"1,248 KB","5,256 KB",168,,9,04-18-2024 11:52:27,1328:services.exe,Microsoft® Windows® Operating System,Microsoft Corporation,Host Process for Windows Services,C:\Windows\System32\svchost.exe,C:\Windows\System32\svchost.exe -k LocalSystemNetworkRestricted -p -s TrkWks
svchost.exe (LocalSystemNetworkRestricted -p -s WdiSystemHost) [WdiSystemHost],SYSTEM,24604,,,Normal,0,0-11,,,0.02,6,,0:00:00.015,,Normal,Normal,"1,580 KB","1,060 KB","1,580 KB","6,824 KB",145,,,04-18-2024 15:19:19,1328:services.exe,Microsoft® Windows® Operating System,Microsoft Corporation,Host Process for Windows Services,C:\Windows\System32\svchost.exe,C:\Windows\System32\svchost.exe -k LocalSystemNetworkRestricted -p -s WdiSystemHost
svchost.exe (LocalSystemNetworkRestricted -p -s webthreatdefusersvc) [webthreatdefusersvc_a6f86],blusc,7084,,,Normal,0,0-11,,,,2,,0:00:00.062,,Normal,Normal,"2,036 KB",576 KB,"2,036 KB","8,260 KB",146,,33,04-18-2024 11:52:28,1328:services.exe,Microsoft® Windows® Operating System,Microsoft Corporation,Host Process for Windows Services,C:\Windows\system32\svchost.exe,C:\Windows\system32\svchost.exe -k LocalSystemNetworkRestricted -p -s webthreatdefusersvc
svchost.exe (netprofm -p -s netprofm) [netprofm],NETWORK SERVICE,2104,,,Normal,0,0-11,,,,15,,0:00:00.828,,Normal,Normal,"7,232 KB","3,480 KB","7,232 KB","15,844 KB",958,,200,04-18-2024 11:52:25,1328:services.exe,Microsoft® Windows® Operating System,Microsoft Corporation,Host Process for Windows Services,C:\Windows\System32\svchost.exe,C:\Windows\System32\svchost.exe -k netprofm -p -s netprofm
svchost.exe (netsvcs) [RasMan],SYSTEM,7368,,,Normal,0,0-11,,,,15,,0:00:00.125,,Normal,Normal,"3,808 KB",928 KB,"3,808 KB","12,796 KB",427,,163,04-18-2024 11:52:27,1328:services.exe,Microsoft® Windows® Operating System,Microsoft Corporation,Host Process for Windows Services,C:\Windows\System32\svchost.exe,C:\Windows\System32\svchost.exe -k netsvcs
svchost.exe (netsvcs -p) [InstallService],SYSTEM,9996,,,Normal,0,0-11,,,,11,,0:00:00.125,,Normal,Normal,"7,444 KB","2,692 KB","7,444 KB","23,636 KB",431,,130,04-18-2024 11:52:29,1328:services.exe,Microsoft® Windows® Operating System,Microsoft Corporation,Host Process for Windows Services,C:\Windows\System32\svchost.exe,C:\Windows\System32\svchost.exe -k netsvcs -p
svchost.exe (netsvcs -p -s Appinfo) [Appinfo],SYSTEM,1684,,,Normal,0,0-11,,,,1,,0:00:00.093,,Normal,Normal,"2,412 KB",488 KB,"2,412 KB","11,288 KB",205,,21,04-18-2024 11:52:28,1328:services.exe,Microsoft® Windows® Operating System,Microsoft Corporation,Host Process for Windows Services,C:\Windows\system32\svchost.exe,C:\Windows\system32\svchost.exe -k netsvcs -p -s Appinfo
svchost.exe (netsvcs -p -s Browser) [Browser],SYSTEM,10288,,,Normal,0,0-11,,,,4,,,,Normal,Normal,"1,520 KB",360 KB,"1,520 KB","6,592 KB",148,,9,04-18-2024 11:52:29,1328:services.exe,Microsoft® Windows® Operating System,Microsoft Corporation,Host Process for Windows Services,C:\Windows\System32\svchost.exe,C:\Windows\System32\svchost.exe -k netsvcs -p -s Browser
svchost.exe (NetSvcs -p -s hns) [hns],SYSTEM,2936,,,Normal,0,0-11,,,,5,,0:00:00.015,,Normal,Normal,"3,400 KB",676 KB,"3,400 KB","9,784 KB",308,,121,04-18-2024 11:52:25,1328:services.exe,Microsoft® Windows® Operating System,Microsoft Corporation,Host Process for Windows Services,C:\Windows\system32\svchost.exe,C:\Windows\system32\svchost.exe -k NetSvcs -p -s hns
svchost.exe (netsvcs -p -s IKEEXT) [IKEEXT],SYSTEM,6292,,,Normal,0,0-11,,,,5,,0:00:00.218,,Normal,Normal,"2,716 KB",448 KB,"2,716 KB","7,204 KB",270,,32,04-18-2024 11:52:27,1328:services.exe,Microsoft® Windows® Operating System,Microsoft Corporation,Host Process for Windows Services,C:\Windows\system32\svchost.exe,C:\Windows\system32\svchost.exe -k netsvcs -p -s IKEEXT
svchost.exe (NetSvcs -p -s iphlpsvc) [iphlpsvc],SYSTEM,6172,,,Normal,0,0-11,,,,6,,0:00:00.171,,Normal,Normal,"2,876 KB",740 KB,"2,876 KB","10,264 KB",378,,41,04-18-2024 11:52:27,1328:services.exe,Microsoft® Windows® Operating System,Microsoft Corporation,Host Process for Windows Services,C:\Windows\System32\svchost.exe,C:\Windows\System32\svchost.exe -k NetSvcs -p -s iphlpsvc
svchost.exe (netsvcs -p -s LanmanServer) [LanmanServer],SYSTEM,6724,,,Normal,0,0-11,,,,8,,0:00:00.156,,Normal,Normal,"2,532 KB",900 KB,"2,532 KB","8,860 KB",219,,75,04-18-2024 11:52:27,1328:services.exe,Microsoft® Windows® Operating System,Microsoft Corporation,Host Process for Windows Services,C:\Windows\system32\svchost.exe,C:\Windows\system32\svchost.exe -k netsvcs -p -s LanmanServer
svchost.exe (netsvcs -p -s lfsvc) [lfsvc],SYSTEM,19764,,,Normal,0,0-11,,,,4,,0:00:00.062,,Normal,Normal,"3,108 KB","1,420 KB","3,108 KB","13,340 KB",303,,97,04-18-2024 11:53:23,1328:services.exe,Microsoft® Windows® Operating System,Microsoft Corporation,Host Process for Windows Services,C:\Windows\system32\svchost.exe,C:\Windows\system32\svchost.exe -k netsvcs -p -s lfsvc
svchost.exe (netsvcs -p -s Schedule) [Schedule],SYSTEM,3032,,,Normal,0,0-11,,,,15,,0:00:00.656,,Normal,Normal,"6,732 KB","4,096 KB","6,732 KB","15,752 KB",449,,142,04-18-2024 11:52:25,1328:services.exe,Microsoft® Windows® Operating System,Microsoft Corporation,Host Process for Windows Services,C:\Windows\system32\svchost.exe,C:\Windows\system32\svchost.exe -k netsvcs -p -s Schedule
svchost.exe (netsvcs -p -s SENS) [SENS],SYSTEM,3328,,,Normal,0,0-11,,,,6,,0:00:00.046,,Normal,Normal,"2,092 KB",912 KB,"2,092 KB","8,260 KB",192,,2,04-18-2024 11:52:25,1328:services.exe,Microsoft® Windows® Operating System,Microsoft Corporation,Host Process for Windows Services,C:\Windows\system32\svchost.exe,C:\Windows\system32\svchost.exe -k netsvcs -p -s SENS
svchost.exe (netsvcs -p -s SharedAccess) [SharedAccess],SYSTEM,7776,,,Normal,0,0-11,,,,1,,0:00:00.015,,Normal,Normal,"1,344 KB",364 KB,"1,344 KB","6,296 KB",141,,26,04-18-2024 11:52:27,1328:services.exe,Microsoft® Windows® Operating System,Microsoft Corporation,Host Process for Windows Services,C:\Windows\System32\svchost.exe,C:\Windows\System32\svchost.exe -k netsvcs -p -s SharedAccess
svchost.exe (netsvcs -p -s ShellHWDetection) [ShellHWDetection],SYSTEM,4896,,,Normal,0,0-11,,,,5,,0:00:00.031,,Normal,Normal,"3,608 KB","1,052 KB","3,608 KB","11,472 KB",309,,63,04-18-2024 11:52:27,1328:services.exe,Microsoft® Windows® Operating System,Microsoft Corporation,Host Process for Windows Services,C:\Windows\System32\svchost.exe,C:\Windows\System32\svchost.exe -k netsvcs -p -s ShellHWDetection
svchost.exe (netsvcs -p -s Themes) [Themes],SYSTEM,3112,,,Normal,0,0-11,,,,3,,0:00:00.109,,Normal,Normal,"1,264 KB",324 KB,"1,264 KB","5,536 KB",271,,2,04-18-2024 11:52:25,1328:services.exe,Microsoft® Windows® Operating System,Microsoft Corporation,Host Process for Windows Services,C:\Windows\System32\svchost.exe,C:\Windows\System32\svchost.exe -k netsvcs -p -s Themes
svchost.exe (netsvcs -p -s TokenBroker) [TokenBroker],SYSTEM,8476,,,Normal,0,0-11,,,,3,,0:00:00.296,,Normal,Normal,"3,324 KB","1,684 KB","3,324 KB","16,628 KB",228,,94,04-18-2024 11:52:28,1328:services.exe,Microsoft® Windows® Operating System,Microsoft Corporation,Host Process for Windows Services,C:\Windows\system32\svchost.exe,C:\Windows\system32\svchost.exe -k netsvcs -p -s TokenBroker
svchost.exe (netsvcs -p -s UserManager) [UserManager],SYSTEM,2404,,,Normal,0,0-11,,,,7,,0:00:00.875,,Normal,Normal,"2,432 KB","1,260 KB","2,432 KB","9,972 KB",243,,93,04-18-2024 11:52:25,1328:services.exe,Microsoft® Windows® Operating System,Microsoft Corporation,Host Process for Windows Services,C:\Windows\system32\svchost.exe,C:\Windows\system32\svchost.exe -k netsvcs -p -s UserManager
svchost.exe (netsvcs -p -s UsoSvc) [UsoSvc],SYSTEM,17924,,,Normal,0,0-11,,,,7,,0:00:00.093,,Normal,Normal,"2,728 KB","1,108 KB","2,728 KB","12,296 KB",211,,87,04-18-2024 11:55:17,1328:services.exe,Microsoft® Windows® Operating System,Microsoft Corporation,Host Process for Windows Services,C:\Windows\system32\svchost.exe,C:\Windows\system32\svchost.exe -k netsvcs -p -s UsoSvc
svchost.exe (netsvcs -p -s WpnService) [WpnService],SYSTEM,6476,,,Normal,0,0-11,,,,9,,0:00:00.125,,Normal,Normal,"4,320 KB","1,796 KB","4,320 KB","17,352 KB",398,,71,04-18-2024 11:52:27,1328:services.exe,Microsoft® Windows® Operating System,Microsoft Corporation,Host Process for Windows Services,C:\Windows\system32\svchost.exe,C:\Windows\system32\svchost.exe -k netsvcs -p -s WpnService
svchost.exe (netsvcs -p -s wuauserv) [wuauserv],SYSTEM,7712,,,Normal,0,0-11,,,0.11,12,,0:00:05.968,,Normal,Normal,"38,140 KB","26,008 KB","38,140 KB","62,664 KB",759,,,04-18-2024 15:11:17,1328:services.exe,Microsoft® Windows® Operating System,Microsoft Corporation,Host Process for Windows Services,C:\Windows\system32\svchost.exe,C:\Windows\system32\svchost.exe -k netsvcs -p -s wuauserv
svchost.exe (netsvcs -p -s XboxGipSvc) [XboxGipSvc],SYSTEM,1952,,,Normal,0,0-11,,,,5,,0:00:00.031,,Normal,Normal,"1,820 KB",640 KB,"1,820 KB","6,980 KB",165,,22,04-18-2024 11:52:25,1328:services.exe,Microsoft® Windows® Operating System,Microsoft Corporation,Host Process for Windows Services,C:\Windows\system32\svchost.exe,C:\Windows\system32\svchost.exe -k netsvcs -p -s XboxGipSvc
svchost.exe (NetSvcs -s nvagent) [nvagent],SYSTEM,6848,,,Normal,0,0-11,,,,1,,0:00:00.046,,Normal,Normal,"1,420 KB",376 KB,"1,420 KB","6,676 KB",134,,12,04-18-2024 11:52:27,1328:services.exe,Microsoft® Windows® Operating System,Microsoft Corporation,Host Process for Windows Services,C:\Windows\system32\svchost.exe,C:\Windows\system32\svchost.exe -k NetSvcs -s nvagent
svchost.exe (netsvcs -s Winmgmt) [Winmgmt],SYSTEM,3432,,,Normal,0,0-11,,,0.06,20,,0:01:23.046,126 KB,Normal,Normal,"13,196 KB","9,696 KB","13,196 KB","21,256 KB",473,,238,04-18-2024 11:52:26,1328:services.exe,Microsoft® Windows® Operating System,Microsoft Corporation,Host Process for Windows Services,C:\Windows\system32\svchost.exe,C:\Windows\system32\svchost.exe -k netsvcs -s Winmgmt
svchost.exe (NetworkService -p) [Dnscache],NETWORK SERVICE,2636,,,Normal,0,0-11,,,,10,,0:00:02.078,,Normal,Normal,"3,280 KB","1,668 KB","3,280 KB","8,028 KB",301,,35,04-18-2024 11:52:25,1328:services.exe,Microsoft® Windows® Operating System,Microsoft Corporation,Host Process for Windows Services,C:\Windows\system32\svchost.exe,C:\Windows\system32\svchost.exe -k NetworkService -p
svchost.exe (NetworkService -p) [CryptSvc],NETWORK SERVICE,6448,,,Normal,0,0-11,,,,6,,0:00:00.343,,Normal,Normal,"4,876 KB","3,132 KB","4,876 KB","14,540 KB",371,,122,04-18-2024 11:52:27,1328:services.exe,Microsoft® Windows® Operating System,Microsoft Corporation,Host Process for Windows Services,C:\Windows\system32\svchost.exe,C:\Windows\system32\svchost.exe -k NetworkService -p
svchost.exe (NetworkService -p -s LanmanWorkstation) [LanmanWorkstation],NETWORK SERVICE,5308,,,Normal,0,0-11,,,,7,,0:00:00.031,,Normal,Normal,"1,984 KB",808 KB,"1,984 KB","7,468 KB",195,,15,04-18-2024 11:52:27,1328:services.exe,Microsoft® Windows® Operating System,Microsoft Corporation,Host Process for Windows Services,C:\Windows\System32\svchost.exe,C:\Windows\System32\svchost.exe -k NetworkService -p -s LanmanWorkstation
svchost.exe (NetworkService -p -s TapiSrv) [TapiSrv],NETWORK SERVICE,7000,,,Normal,0,0-11,,,,17,,0:00:00.015,,Normal,Normal,"2,556 KB",572 KB,"2,556 KB","6,860 KB",224,,24,04-18-2024 11:52:27,1328:services.exe,Microsoft® Windows® Operating System,Microsoft Corporation,Host Process for Windows Services,C:\Windows\System32\svchost.exe,C:\Windows\System32\svchost.exe -k NetworkService -p -s TapiSrv
svchost.exe (NetworkServiceNetworkRestricted -p -s PolicyAgent) [PolicyAgent],NETWORK SERVICE,10280,,,Normal,0,0-11,,,,3,,0:00:00.046,,Normal,Normal,"1,696 KB",416 KB,"1,696 KB","6,572 KB",170,,12,04-18-2024 11:52:29,1328:services.exe,Microsoft® Windows® Operating System,Microsoft Corporation,Host Process for Windows Services,C:\Windows\system32\svchost.exe,C:\Windows\system32\svchost.exe -k NetworkServiceNetworkRestricted -p -s PolicyAgent
svchost.exe (osprivacy -p -s camsvc) [camsvc],SYSTEM,2564,,,Normal,0,0-11,,,0.01,5,,0:00:08.171,,Normal,Normal,"3,564 KB","1,792 KB","3,564 KB","13,500 KB",278,,113,04-18-2024 11:52:25,1328:services.exe,Microsoft® Windows® Operating System,Microsoft Corporation,Host Process for Windows Services,C:\Windows\system32\svchost.exe,C:\Windows\system32\svchost.exe -k osprivacy -p -s camsvc
"svchost.exe (RPCSS -p) [RpcEptMapper,RpcSs]",NETWORK SERVICE,1584,,,Normal,0,0-11,,,0.01,616,,0:00:13.062,,Normal,Normal,"80,376 KB","14,520 KB","80,376 KB","47,836 KB",3280,,54,04-18-2024 11:52:25,1328:services.exe,Microsoft® Windows® Operating System,Microsoft Corporation,Host Process for Windows Services,C:\Windows\system32\svchost.exe,C:\Windows\system32\svchost.exe -k RPCSS -p
svchost.exe (UdkSvcGroup -s UdkUserSvc) [UdkUserSvc_a6f86],blusc,11652,,,Normal,0,0-11,,,,1,,,,Normal,Normal,"1,396 KB",384 KB,"1,396 KB","7,076 KB",134,,,04-18-2024 11:52:33,1328:services.exe,Microsoft® Windows® Operating System,Microsoft Corporation,Host Process for Windows Services,C:\Windows\system32\svchost.exe,C:\Windows\system32\svchost.exe -k UdkSvcGroup -s UdkUserSvc
svchost.exe (UnistackSvcGroup) [OneSyncSvc_a6f86],blusc,17204,,,Normal,0,0-11,,,,2,,,,Normal,Normal,"2,864 KB",636 KB,"2,864 KB","12,108 KB",252,,91,04-18-2024 11:54:28,1328:services.exe,Microsoft® Windows® Operating System,Microsoft Corporation,Host Process for Windows Services,C:\Windows\system32\svchost.exe,C:\Windows\system32\svchost.exe -k UnistackSvcGroup
svchost.exe (UnistackSvcGroup -s WpnUserService) [WpnUserService_a6f86],blusc,8228,,,Normal,0,0-11,,,,10,,0:00:01.593,,Normal,Normal,"62,216 KB","5,496 KB","62,216 KB","30,828 KB",555,,334,04-18-2024 11:52:28,1328:services.exe,Microsoft® Windows® Operating System,Microsoft Corporation,Host Process for Windows Services,C:\Windows\system32\svchost.exe,C:\Windows\system32\svchost.exe -k UnistackSvcGroup -s WpnUserService
svchost.exe (UserProfileService -p -s ProfSvc) [ProfSvc],SYSTEM,2252,,,Normal,0,0-11,,,,5,,0:00:00.093,,Normal,Normal,"2,488 KB",864 KB,"2,488 KB","9,856 KB",198,,70,04-18-2024 11:52:25,1328:services.exe,Microsoft® Windows® Operating System,Microsoft Corporation,Host Process for Windows Services,C:\Windows\system32\svchost.exe,C:\Windows\system32\svchost.exe -k UserProfileService -p -s ProfSvc
svchost.exe (WebThreatDefense -p -s webthreatdefsvc) [webthreatdefsvc],LOCAL SERVICE,7140,,,Normal,0,0-11,,,,8,,0:00:00.250,,Normal,Normal,"8,424 KB","4,048 KB","8,424 KB","12,724 KB",251,,75,04-18-2024 11:52:27,1328:services.exe,Microsoft® Windows® Operating System,Microsoft Corporation,Host Process for Windows Services,C:\Windows\system32\svchost.exe,C:\Windows\system32\svchost.exe -k WebThreatDefense -p -s webthreatdefsvc
svchost.exe (WerSvcGroup) [WerSvc],SYSTEM,25060,Efficiency (partial),,Normal,0,0-11,,,0.02,7,,0:00:00.015,,Normal,Normal,"1,476 KB","1,000 KB","1,476 KB","6,316 KB",127,,33,04-18-2024 15:19:18,1328:services.exe,Microsoft® Windows® Operating System,Microsoft Corporation,Host Process for Windows Services,C:\Windows\System32\svchost.exe,C:\Windows\System32\svchost.exe -k WerSvcGroup
SystemSettingsBroker.exe,blusc,14532,,,Normal,0,0-11,,,,13,,0:00:00.546,,Normal,Normal,"8,440 KB","2,620 KB","8,440 KB","28,448 KB",3492,,282,04-18-2024 11:57:34,1488:svchost.exe (dcomlaunch -p),Microsoft® Windows® Operating System,Microsoft Corporation,System Settings Broker,C:\Windows\System32\SystemSettingsBroker.exe,C:\Windows\System32\SystemSettingsBroker.exe -Embedding
WmiPrvSE.exe,NETWORK SERVICE,4372,,X,Normal,0,0-11,,0.26,0.21,11,,0:05:08.593,,Normal,Normal,"32,088 KB","25,436 KB","32,088 KB","44,208 KB",492,,962,04-18-2024 11:52:26,1488:svchost.exe (dcomlaunch -p),Microsoft® Windows® Operating System,Microsoft Corporation,WMI Provider Host,C:\Windows\system32\wbem\wmiprvse.exe,C:\Windows\system32\wbem\wmiprvse.exe
dasHost.exe,LOCAL SERVICE,4880,,,Normal,0,0-11,,,,2,,,,Normal,Normal,"1,972 KB",396 KB,"1,972 KB","7,756 KB",180,,,04-18-2024 11:54:43,2780:svchost.exe (localsystemnetworkrestricted -p -s deviceassociationservice),Microsoft® Windows® Operating System,Microsoft Corporation,Device Association Framework Provider Host,C:\Windows\system32\dashost.exe,dashost.exe {036df04d-3c41-42ab-b79c9d75ea0e19cd}
bitsumsessionagent.exe,blusc,8616,,,Below normal,0,0-11,,,,2,,0:00:00.062,,Low,Low,"54,540 KB",308 KB,"54,540 KB","1,988 KB",116,,9,04-18-2024 11:52:28,3032:svchost.exe (netsvcs -p -s schedule),Process Lasso,Bitsum LLC,Process Lasso Session Agent,C:\Program Files\Process Lasso\bitsumsessionagent.exe,ipc0 si=1 fpid=20e8 litm=d3ab
javaw.exe,blusc,13808,,,Below normal,0,0-11,,2.28,2.04,64,,0:50:29.234,,Low,Low,"4,632,892 KB","4,434,944 KB","4,632,892 KB","4,456,284 KB",1267,,702,04-18-2024 11:53:07,16848:cmd.exe,OpenJDK Platform 8,Temurin,OpenJDK Platform binary,C:\Program Files\Eclipse Adoptium\jre-8.0.402.6-hotspot\bin\javaw.exe,javaw.exe  -cp .;lib/activation.jar;lib/commons-jxpath-1.1.jar;lib/commons-logging.jar;lib/commons-logging-api.jar;lib/dsj.jar;lib/monte-cc.jar;lib/mail.jar;lib/mx4j-impl.jar;lib/mx4j-jmx.jar;lib/mx4j-remote.jar;lib/mx4j-tools.jar;lib/sbbi-jmx-1.0.jar;lib/sbbi-upnplib-1.0.4.jar;lib/ftp4j.jar;lib/commons-codec-1.4.jar;lib/turbojpeg.jar;lib/system-event.jar -Djava.net.preferIPv4Stack=true -splash:img/splash.gif yawcam.Main
sihost.exe,blusc,7204,,,Normal,0,0-11,,,,17,,0:00:02.187,,Normal,Normal,"60,376 KB","4,008 KB","60,376 KB","32,008 KB",773,,456,04-18-2024 11:52:28,2404:svchost.exe (netsvcs -p -s usermanager),Microsoft® Windows® Operating System,Microsoft Corporation,Shell Infrastructure Host,C:\Windows\system32\sihost.exe,sihost.exe
StartMenu.exe,blusc,8916,,,Normal,0,0-11,,,,1,,0:00:00.109,,Normal,Normal,"56,340 KB",476 KB,"56,340 KB","13,084 KB",221,,90,04-18-2024 11:52:31,11128:explorer.exe,Open-Shell,Open-Shell,Open-Shell Menu,C:\Program Files\Open-Shell\StartMenu.exe,StartMenu.exe -startup
taskhostw.exe,SYSTEM,14764,,,Below normal,0,0-11,,,,4,,0:00:00.687,,Normal,Normal,"13,104 KB","8,216 KB","13,104 KB","32,876 KB",437,,,04-18-2024 13:52:27,3032:svchost.exe (netsvcs -p -s schedule),Microsoft® Windows® Operating System,Microsoft Corporation,Host Process for Windows Tasks,C:\Windows\system32\taskhostw.exe,taskhostw.exe
winlogon.exe,SYSTEM,1716,,X,High,0,0-11,,,,6,,0:00:00.234,,Normal,Normal,"4,144 KB","1,308 KB","4,144 KB","19,128 KB",474,,123,04-18-2024 11:52:25,,Microsoft® Windows® Operating System,Microsoft Corporation,Windows Logon Application,C:\Windows\system32\winlogon.exe,winlogon.exe
